timestamp,pool_id,apy,tvl,token_price,oracle_price
2025-08-03,Lido_stETH,0.02788,31061520555.0,1.0,1.0
2025-08-04,Lido_stETH,0.02642,33077498057.0,1.0327142989959093,1.0327142989959093
2025-08-05,Lido_stETH,0.02649,31853925612.0,1.0612826561918929,1.0612826561918929
2025-08-06,Lido_stETH,0.026699999999999998,32675115384.0,1.039091553551506,1.039091553551506
2025-08-07,Lido_stETH,0.02624,34596384973.0,1.0619327178928033,1.0619327178928033
2025-08-08,Lido_stETH,0.0265,35674338081.0,1.1407780190377954,1.1407780190377954
2025-08-09,Lido_stETH,0.0268,38035358220.0,1.1727582279657864,1.1727582279657864
2025-08-10,Lido_stETH,0.02628,37465271387.0,1.2291075911119373,1.2291075911119373
2025-08-11,Lido_stETH,0.026699999999999998,37333879288.0,1.2446953276422152,1.2446953276422152
2025-08-12,Lido_stETH,0.02699,40364975323.0,1.2441604556656778,1.2441604556656778
2025-08-13,Lido_stETH,0.02902,42035081155.0,1.3459387459722587,1.3459387459722587
2025-08-14,Lido_stETH,0.027639999999999998,39871809707.0,1.3818421113796948,1.3818421113796948
2025-08-15,Lido_stETH,0.03088,39393948759.0,1.3449092367050948,1.3449092367050948
2025-08-16,Lido_stETH,0.02704,38927097363.0,1.2890741214206025,1.2890741214206025
2025-08-17,Lido_stETH,0.02638,39808694940.0,1.2905674739680177,1.2905674739680177
2025-08-18,Lido_stETH,0.02659,38579205794.0,1.247812267571588,1.247812267571588
2025-08-19,Lido_stETH,0.02648,36437883738.0,1.2252667116028264,1.2252667116028264
2025-08-20,Lido_stETH,0.02613,38245331447.0,1.2002777519523986,1.2002777519523986
2025-08-21,Lido_stETH,0.02659,37373119182.0,1.2505752603198215,1.2505752603198215
2025-08-22,Lido_stETH,0.0276,42441513059.0,1.2375865468821041,1.2375865468821041
2025-08-23,Lido_stETH,0.02841,41634215940.0,1.3575126673484565,1.3575126673484565
2025-08-24,Lido_stETH,0.02598,41445697460.0,1.3825248698400892,1.3825248698400892
2025-08-25,Lido_stETH,0.02727,38363340938.0,1.376405734395246,1.376405734395246
2025-08-26,Lido_stETH,0.02798,40136530454.0,1.2765927156935664,1.2765927156935664
2025-08-27,Lido_stETH,0.02618,39561012990.0,1.3247838415767943,1.3247838415767943
2025-08-28,Lido_stETH,0.02658,39184519025.0,1.3173228895500186,1.3173228895500186
2025-08-29,Lido_stETH,0.026150000000000003,37969130880.0,1.3043010877649683,1.3043010877649683
2025-08-30,Lido_stETH,0.02632,38075142811.0,1.2620688452956488,1.2620688452956488
2025-08-31,Lido_stETH,0.027360000000000002,38683077568.0,1.2930980383042021,1.2930980383042021
2025-09-01,Lido_stETH,0.02783,37110426917.0,1.271113215879509,1.271113215879509
2025-09-02,Lido_stETH,0.02774,37532415195.0,1.2676035468575677,1.2676035468575677
2025-09-03,Lido_stETH,0.02719,38655729077.0,1.254729918185199,1.254729918185199
2025-09-04,Lido_stETH,0.025939999999999998,37474500276.0,1.275889619747118,1.275889619747118
2025-09-05,Lido_stETH,0.02709,37326699665.0,1.249044138155448,1.249044138155448
2025-09-06,Lido_stETH,0.026160000000000003,36990779425.0,1.25241435013016,1.25241435013016
2025-09-07,Lido_stETH,0.025750000000000002,37320808672.0,1.2465048577538118,1.2465048577538118
2025-09-08,Lido_stETH,0.02576,37402557149.0,1.2554620676831536,1.2554620676831536
2025-09-09,Lido_stETH,0.026019999999999998,37362860871.0,1.2484775939010784,1.2484775939010784
2025-09-10,Lido_stETH,0.02725,37465954267.0,1.251595039977687,1.251595039977687
2025-09-11,Lido_stETH,0.02633,38275003618.0,1.2751255113425066,1.2751255113425066
2025-09-12,Lido_stETH,0.026309999999999997,40678579241.0,1.3046352036072888,1.3046352036072888
2025-09-13,Lido_stETH,0.02642,40018529436.0,1.3749012179248792,1.3749012179248792
2025-09-14,Lido_stETH,0.025990000000000003,39742646814.0,1.3565016037560431,1.3565016037560431
2025-09-15,Lido_stETH,0.025929999999999998,38814366250.0,1.344726199330606,1.344726199330606
2025-09-16,Lido_stETH,0.025990000000000003,38797632691.0,1.3139120026031983,1.3139120026031983
2025-09-17,Lido_stETH,0.02582,39289200014.0,1.3082320332837485,1.3082320332837485
2025-09-18,Lido_stETH,0.02645,39454698418.0,1.3431544021941242,1.3431544021941242
2025-09-19,Lido_stETH,0.0273,38329527825.0,1.3230377231312755,1.3230377231312755
2025-09-20,Lido_stETH,0.026539999999999998,38368813120.0,1.2962096736705093,1.2962096736705093
2025-09-21,Lido_stETH,0.02538,38144499411.0,1.299693194496095,1.299693194496095
2025-09-22,Lido_stETH,0.02645,35785105082.0,1.2468970806991446,1.2468970806991446
2025-09-23,Lido_stETH,0.02667,35706192442.0,1.2164489587207141,1.2164489587207141
2025-09-24,Lido_stETH,0.02649,35454099306.0,1.2020994096318334,1.2020994096318334
2025-09-25,Lido_stETH,0.025619999999999997,33168663350.0,1.17665721457791,1.17665721457791
2025-09-26,Lido_stETH,0.02619,35044684596.0,1.1483590554109333,1.1483590554109333
2025-09-27,Lido_stETH,0.02787,34408453096.0,1.1694054481219784,1.1694054481219784
2025-09-28,Lido_stETH,0.02548,35100607582.0,1.1618776729267386,1.1618776729267386
2025-09-29,Lido_stETH,0.02545,36052891003.0,1.19398765805132,1.19398765805132
2025-09-30,Lido_stETH,0.02598,35373741194.0,1.221727989029379,1.221727989029379
2025-10-01,Lido_stETH,0.02559,36761103514.0,1.2029477733358125,1.2029477733358125
2025-10-02,Lido_stETH,0.025750000000000002,38046198156.0,1.2744427528821123,1.2744427528821123
2025-10-03,Lido_stETH,0.025699999999999997,38592759202.0,1.3142908016412087,1.3142908016412087
2025-10-04,Lido_stETH,0.02582,38232676279.0,1.3024909599884635,1.3024909599884635
2025-10-05,Lido_stETH,0.025619999999999997,38461007494.0,1.3241963911621688,1.3241963911621688
2025-10-06,Lido_stETH,0.02551,40003469986.0,1.3168072109248483,1.3168072109248483
2025-10-07,Lido_stETH,0.03153,38341273318.0,1.3616950665277279,1.3616950665277279
2025-10-08,Lido_stETH,0.02614,38602886397.0,1.290551139530181,1.290551139530181
2025-10-09,Lido_stETH,0.02601,37170197003.0,1.2908547770329268,1.2908547770329268
2025-10-10,Lido_stETH,0.02643,32690720846.0,1.273748765858413,1.273748765858413
2025-10-11,Lido_stETH,0.07051,31714688410.0,1.0972992508968078,1.0972992508968078
2025-10-12,Lido_stETH,0.02624,35153335096.0,1.1032222606145783,1.1032222606145783
2025-10-13,Lido_stETH,0.02673,36190773979.0,1.203927300393341,1.203927300393341
2025-10-14,Lido_stETH,0.02657,34953239533.0,1.2081720836543663,1.2081720836543663
2025-10-15,Lido_stETH,0.02632,33601774576.0,1.1858412838680599,1.1858412838680599
2025-10-16,Lido_stETH,0.02595,32835312989.0,1.169662995809196,1.169662995809196
2025-10-17,Lido_stETH,0.02674,32826883903.0,1.139474634988872,1.139474634988872
2025-10-18,Lido_stETH,0.025939999999999998,33008634002.0,1.1235822938321316,1.1235822938321316
2025-10-19,Lido_stETH,0.02572,34130781600.0,1.1316427065451966,1.1316427065451966
2025-10-20,Lido_stETH,0.025699999999999997,33710719906.0,1.1541863230606029,1.1541863230606029
2025-10-21,Lido_stETH,0.025910000000000002,33164735768.0,1.1430870249101246,1.1430870249101246
2025-10-22,Lido_stETH,0.02651,31888007929.0,1.1184332299368398,1.1184332299368398
2025-10-23,Lido_stETH,0.025550000000000003,32641983586.0,1.1111120446842806,1.1111120446842806
2025-10-24,Lido_stETH,0.025390000000000003,33787930710.0,1.1283660216048252,1.1283660216048252
2025-10-25,Lido_stETH,0.02544,33925852750.0,1.1410161298128818,1.1410161298128818
2025-10-26,Lido_stETH,0.02511,35813182164.0,1.1411394308485705,1.1411394308485705
2025-10-27,Lido_stETH,0.02581,35441457875.0,1.2211926760643428,1.2211926760643428
2025-10-28,Lido_stETH,0.02529,34231758934.0,1.1867075046150675,1.1867075046150675
2025-10-29,Lido_stETH,0.02529,33905176035.0,1.1615808077601113,1.1615808077601113
2025-10-30,Lido_stETH,0.02569,32444290216.0,1.1437098224365985,1.1437098224365985
2025-10-31,Lido_stETH,0.02568,33153029598.0,1.1092178983456549,1.1092178983456549
2025-11-01,Lido_stETH,0.025339999999999998,33173687996.0,1.120378171234737,1.120378171234737
2025-11-02,Lido_stETH,0.02496,33154154257.0,1.12690324762718,1.12690324762718
2025-11-03,Lido_stETH,0.0279,30838337796.0,1.0906198809916712,1.0906198809916712
2025-11-04,Lido_stETH,0.026709999999999998,27859529316.0,1.0593879683646061,1.0593879683646061
2025-11-05,Lido_stETH,0.029689999999999998,29646213918.0,0.9695812678636867,0.9695812678636867
2025-11-06,Lido_stETH,0.025619999999999997,28569979158.0,0.9976374681815686,0.9976374681815686
2025-11-07,Lido_stETH,0.02651,29764680664.0,0.9719527771124379,0.9719527771124379
2025-11-08,Lido_stETH,0.02598,29312767255.0,1.0024141721623019,1.0024141721623019
2025-11-09,Lido_stETH,0.02508,30858958148.0,0.9777759055241927,0.9777759055241927
2025-11-10,Lido_stETH,0.0258,30667169586.0,1.0546145993326437,1.0546145993326437
2025-11-11,Lido_stETH,0.02624,29629300927.0,1.0466972163453727,1.0466972163453727
2025-11-12,Lido_stETH,0.02537,29458035874.0,0.9989768659802964,0.9989768659802964
2025-11-13,Lido_stETH,0.0255,27737219994.0,1.0049109622578563,1.0049109622578563
2025-11-14,Lido_stETH,0.02766,27340172593.0,0.9343845138093957,0.9343845138093957
2025-11-15,Lido_stETH,0.02618,27358729047.0,0.9207886751792697,0.9207886751792697
2025-11-16,Lido_stETH,0.02545,26649050241.0,0.9286638358944646,0.9286638358944646
2025-11-17,Lido_stETH,0.02657,26028572158.0,0.9204140899764268,0.9204140899764268
2025-11-18,Lido_stETH,0.027679999999999996,26888972133.0,0.875780727587797,0.875780727587797
2025-11-19,Lido_stETH,0.02598,25562021647.0,0.8944568320317815,0.8944568320317815
2025-11-20,Lido_stETH,0.02988,24968339502.0,0.8832057927561161,0.8832057927561161
2025-11-21,Lido_stETH,0.034980000000000004,23463883416.0,0.8179285640226553,0.8179285640226553
2025-11-22,Lido_stETH,0.02697,24113964136.0,0.7971984813354321,0.7971984813354321
2025-11-23,Lido_stETH,0.02544,24430964577.0,0.8174513439112007,0.8174513439112007
2025-11-24,Lido_stETH,0.02545,25667734292.0,0.8281867838499557,0.8281867838499557
2025-11-25,Lido_stETH,0.025550000000000003,25627609170.0,0.8448250962746778,0.8448250962746778
2025-11-26,Lido_stETH,0.02556,26082024487.0,0.8516025445437801,0.8516025445437801
2025-11-27,Lido_stETH,0.02649,26101588736.0,0.8813686388192563,0.8813686388192563
2025-11-28,Lido_stETH,0.02576,26104922000.0,0.8727397716304078,0.8727397716304078
2025-11-29,Lido_stETH,0.025670000000000002,25783141341.0,0.8782030035591083,0.8782030035591083
2025-11-30,Lido_stETH,0.025310000000000003,26140036491.0,0.8706496585310688,0.8706496585310688
2025-12-01,Lido_stETH,0.02628,24266045201.0,0.8217114406928662,0.8217114406928662
2025-12-02,Lido_stETH,0.02613,26076624899.0,0.8125399571174408,0.8125399571174408
2025-12-03,Lido_stETH,0.026539999999999998,27538013593.0,0.8813461835657559,0.8813461835657559
2025-12-04,Lido_stETH,0.023639999999999998,27218749901.0,0.9319067896388769,0.9319067896388769
2025-12-05,Lido_stETH,0.025459999999999997,26241030112.0,0.9217844257939648,0.9217844257939648
2025-12-06,Lido_stETH,0.0252,26374745386.0,0.8830749591307349,0.8830749591307349
2025-12-07,Lido_stETH,0.02519,26448109090.0,0.8873659838361082,0.8873659838361082
2025-12-08,Lido_stETH,0.02573,27230130748.0,0.902584452261333,0.902584452261333
2025-12-09,Lido_stETH,0.0253,29118157411.0,0.9057940868648645,0.9057940868648645
2025-12-10,Lido_stETH,0.02558,29159140538.0,0.9617638224499948,0.9617638224499948
2025-12-11,Lido_stETH,0.02538,28406526897.0,0.9250279738818016,0.9250279738818016
2025-12-12,Lido_stETH,0.025249999999999998,27063847112.0,0.9436565601468747,0.9436565601468747
2025-12-13,Lido_stETH,0.025339999999999998,27225348497.0,0.8984390156100166,0.8984390156100166
2025-12-14,Lido_stETH,0.024990000000000002,26983186934.0,0.9064236003491754,0.9064236003491754
2025-12-15,Lido_stETH,0.02506,25784180548.0,0.9048340192376193,0.9048340192376193
2025-12-16,Lido_stETH,0.02572,25911760027.0,0.8530512693626071,0.8530512693626071
2025-12-17,Lido_stETH,0.0254,24806562536.0,0.8562637406422284,0.8562637406422284
2025-12-18,Lido_stETH,0.02569,24792991816.0,0.8214767956868989,0.8214767956868989
2025-12-19,Lido_stETH,0.027839999999999997,26090945582.0,0.8441196807793463,0.8441196807793463
2025-12-20,Lido_stETH,0.02563,26069898424.0,0.8684527838196868,0.8684527838196868
2025-12-21,Lido_stETH,0.02529,26100437633.0,0.8628481100768572,0.8628481100768572
2025-12-22,Lido_stETH,0.0255,26459353469.0,0.8784988660374502,0.8784988660374502
2025-12-23,Lido_stETH,0.0256,26015256157.0,0.8697559234904263,0.8697559234904263
2025-12-24,Lido_stETH,0.0254,25947240863.0,0.8543191937460002,0.8543191937460002
2025-12-25,Lido_stETH,0.02552,25740184420.0,0.8551035097643813,0.8551035097643813
2025-12-26,Lido_stETH,0.02556,25684338500.0,0.8595637394627819,0.8595637394627819
2025-12-27,Lido_stETH,0.025310000000000003,25748098148.0,0.8510774536697382,0.8510774536697382
2025-12-28,Lido_stETH,0.025310000000000003,25790012028.0,0.8544265169473036,0.8544265169473036
2025-12-29,Lido_stETH,0.02545,25817937700.0,0.8799383282251979,0.8799383282251979
2025-12-30,Lido_stETH,0.02544,26116659097.0,0.8527003936742129,0.8527003936742129
2025-12-31,Lido_stETH,0.02572,26190298274.0,0.8613771730113751,0.8613771730113751
2026-01-01,Lido_stETH,0.02545,26403576808.0,0.8649146352262093,0.8649146352262093
2026-01-02,Lido_stETH,0.02549,27679953237.0,0.8772535591300041,0.8772535591300041
2026-01-03,Lido_stETH,0.02549,27569469165.0,0.9067907924904826,0.9067907924904826
2026-01-04,Lido_stETH,0.02503,27747134849.0,0.9134659262273455,0.9134659262273455
2026-01-05,Lido_stETH,0.025089999999999998,28714044884.0,0.9251619180416263,0.9251619180416263
2026-01-06,Lido_stETH,0.02538,29030844981.0,0.9370256688725331,0.9370256688725331
2026-01-07,Lido_stETH,0.0254,27919771802.0,0.9488618147655312,0.9488618147655312
2026-01-08,Lido_stETH,0.02512,27738340529.0,0.9123508054038307,0.9123508054038307
2026-01-09,Lido_stETH,0.02512,27419195610.0,0.9034724027762153,0.9034724027762153
2026-01-10,Lido_stETH,0.025009999999999998,27490833584.0,0.8951573165378867,0.8951573165378867
2026-01-11,Lido_stETH,0.024620000000000003,27717855529.0,0.8984044147131804,0.8984044147131804
2026-01-12,Lido_stETH,0.024620000000000003,27651395785.0,0.9159970569995073,0.9159970569995073
2026-01-13,Lido_stETH,0.02473,29516236822.0,0.9032818674724541,0.9032818674724541
2026-01-14,Lido_stETH,0.02488,30022626379.0,0.9689011275318069,0.9689011275318069
2026-01-15,Lido_stETH,0.024700000000000003,29542296780.0,0.9537708419509086,0.9537708419509086
2026-01-16,Lido_stETH,0.024550000000000002,29433694645.0,0.9579634604736481,0.9579634604736481
2026-01-17,Lido_stETH,0.0245,29689064107.0,0.9555753333782941,0.9555753333782941
2026-01-18,Lido_stETH,0.024329999999999997,30131145687.0,0.9629536936939294,0.9629536936939294
2026-01-19,Lido_stETH,0.02471,29113694251.0,0.9311504662139648,0.9311504662139648
2026-01-20,Lido_stETH,0.02427,27043461562.0,0.9256640943282068,0.9256640943282068
2026-01-21,Lido_stETH,0.024300000000000002,28027036631.0,0.8643653653515461,0.8643653653515461
2026-01-22,Lido_stETH,0.024,27483361533.0,0.8736666485251656,0.8736666485251656
2026-01-23,Lido_stETH,0.02357,27586760688.0,0.8592702462426962,0.8592702462426962
2026-01-24,Lido_stETH,0.02327,27704695386.0,0.8602138527160917,0.8602138527160917
2026-01-25,Lido_stETH,0.02344,26448027293.0,0.8527436845645817,0.8527436845645817
2026-01-26,Lido_stETH,0.023860000000000003,27575465792.0,0.8267858502019082,0.8267858502019082
2026-01-27,Lido_stETH,0.02352,28440779078.0,0.8541155504148236,0.8541155504148236
2026-01-28,Lido_stETH,0.02313,28589572430.0,0.8714072595819315,0.8714072595819315
2026-01-29,Lido_stETH,0.02299,26905181820.0,0.8569197021256514,0.8569197021256514
2026-01-30,Lido_stETH,0.024310000000000002,25849834003.0,0.7940703059541983,0.7940703059541983
2026-01-31,Lido_stETH,0.023860000000000003,23152356381.0,0.7827356299588165,0.7827356299588165
2026-02-01,Lido_stETH,0.03617,22231466677.0,0.7085919496142951,0.7085919496142951
2026-02-02,Lido_stETH,0.02569,22489535437.0,0.6323724831338852,0.6323724831338852
2026-02-03,Lido_stETH,0.02331,21575519453.0,0.6759396719566164,0.6759396719566164
2026-02-04,Lido_stETH,0.024540000000000003,20332473382.0,0.6632912053374843,0.6632912053374843
2026-02-05,Lido_stETH,0.025750000000000002,17987969919.0,0.6127023055790113,0.6127023055790113
2026-02-06,Lido_stETH,0.03878,19839754263.0,0.5473375299605198,0.5473375299605198
2026-02-07,Lido_stETH,0.02456,20022018681.0,0.6023873330811815,0.6023873330811815
2026-02-08,Lido_stETH,0.024620000000000003,20029998886.0,0.6055311952706255,0.6055311952706255
2026-02-09,Lido_stETH,0.02326,20164931177.0,0.6072426658403521,0.6072426658403521
2026-02-10,Lido_stETH,0.02311,19323305448.0,0.5979650938021124,0.5979650938021124
2026-02-11,Lido_stETH,0.02351,18697051768.0,0.5852602583883882,0.5852602583883882
2026-02-12,Lido_stETH,0.02379,18550762032.0,0.5706775255334138,0.5706775255334138
2026-02-13,Lido_stETH,0.02326,19566998359.0,0.5673658007422939,0.5673658007422939
2026-02-14,Lido_stETH,0.023559999999999998,19910900407.0,0.5956613123627572,0.5956613123627572
2026-02-15,Lido_stETH,0.02283,18616693844.0,0.592717876164317,0.592717876164317
2026-02-16,Lido_stETH,0.023889999999999998,18913263436.0,0.5667761678715735,0.5667761678715735
2026-02-17,Lido_stETH,0.02306,18924478031.0,0.577094041793249,0.577094041793249
2026-02-18,Lido_stETH,0.02316,18391332987.0,0.5796133840394645,0.5796133840394645
2026-02-19,Lido_stETH,0.02319,18396776323.0,0.5710067880838604,0.5710067880838604
2026-02-20,Lido_stETH,0.02339,18630671295.0,0.5672847268440235,0.5672847268440235
2026-02-21,Lido_stETH,0.02306,18750315920.0,0.5681405692104594,0.5681405692104594
2026-02-22,Lido_stETH,0.02302,18425585415.0,0.5720414754365039,0.5720414754365039
2026-02-23,Lido_stETH,0.0232,17569402070.0,0.5404803712210096,0.5404803712210096
2026-02-24,Lido_stETH,0.02367,17508778309.0,0.5317037792616843,0.5317037792616843
2026-02-25,Lido_stETH,0.02334,19675878702.0,0.5532502751543515,0.5532502751543515
2026-02-26,Lido_stETH,0.023929999999999996,19120221727.0,0.5971560821402555,0.5971560821402555
2026-02-27,Lido_stETH,0.02326,18100072658.0,0.5888873248079427,0.5888873248079427
2026-02-28,Lido_stETH,0.023629999999999998,18505994790.0,0.5581894618273906,0.5581894618273906
2026-03-01,Lido_stETH,0.023559999999999998,18213439986.0,0.5900159463159285,0.5900159463159285
2026-03-02,Lido_stETH,0.02379,19254649842.0,0.5732600130849785,0.5732600130849785
2026-03-03,Lido_stETH,0.025009999999999998,18527131258.0,0.5838196697060831,0.5838196697060831
2026-03-04,Lido_stETH,0.02519,19812278879.0,0.5664201898096185,0.5664201898096185
2026-03-05,Lido_stETH,0.024380000000000002,19226712087.0,0.6133800189436829,0.6133800189436829
2026-03-06,Lido_stETH,0.023399999999999997,18302451735.0,0.6053247915900548,0.6053247915900548
2026-03-07,Lido_stETH,0.023319999999999997,18177090725.0,0.5764104568650177,0.5764104568650177
2026-03-08,Lido_stETH,0.02338,17961033353.0,0.5660868283720373,0.5660868283720373
2026-03-09,Lido_stETH,0.02371,18459971862.0,0.5744672957507561,0.5744672957507561
2026-03-10,Lido_stETH,0.02384,18678517241.0,0.5918851033772893,0.5918851033772893
2026-03-11,Lido_stETH,0.024300000000000002,19027269889.0,0.5868916339694505,0.5868916339694505
2026-03-12,Lido_stETH,0.02464,18977173557.0,0.5903542311779245,0.5903542311779245
2026-03-13,Lido_stETH,0.04568,19169047136.0,0.6123804557334812,0.6123804557334812
2026-03-14,Lido_stETH,0.02412,19152262698.0,0.6103274753317529,0.6103274753317529
2026-03-15,Lido_stETH,0.023719999999999998,19962892307.0,0.6093934518805451,0.6093934518805451
2026-03-16,Lido_stETH,0.02512,21711206042.0,0.6504638094038204,0.6504638094038204
2026-03-17,Lido_stETH,0.02408,21352820748.0,0.6732388665424728,0.6732388665424728
2026-03-18,Lido_stETH,0.02387,20199105328.0,0.680689392525931,0.680689392525931
2026-03-19,Lido_stETH,0.02456,19786603356.0,0.6425133203854424,0.6425133203854424
2026-03-20,Lido_stETH,0.024470000000000002,19852582547.0,0.6247199517518679,0.6247199517518679
2026-03-21,Lido_stETH,0.02382,19743823926.0,0.6253196727495698,0.6253196727495698
2026-03-22,Lido_stETH,0.02928,18763094759.0,0.6150067837078971,0.6150067837078971
2026-03-23,Lido_stETH,0.024990000000000002,19761025070.0,0.5967362926484832,0.5967362926484832
2026-03-24,Lido_stETH,0.02443,19717508855.0,0.6206232461464545,0.6206232461464545
2026-03-25,Lido_stETH,0.024249999999999997,19842698181.0,0.6267561250674866,0.6267561250674866
2026-03-26,Lido_stETH,0.024550000000000002,18955321206.0,0.6250670430275581,0.6250670430275581
2026-03-27,Lido_stETH,0.024620000000000003,18238284039.0,0.5987801136105567,0.5987801136105567
2026-03-28,Lido_stETH,0.02406,18451341645.0,0.5774768371022645,0.5774768371022645
2026-03-29,Lido_stETH,0.02384,18131957303.0,0.5847799393976114,0.5847799393976114
2026-03-30,Lido_stETH,0.0241,18726113839.0,0.5908085513600817,0.5908085513600817
2026-03-31,Lido_stETH,0.02421,19331329288.0,0.5990864447326258,0.5990864447326258
2026-04-01,Lido_stETH,0.02434,19831173985.0,0.6090909939638229,0.6090909939638229
2026-04-02,Lido_stETH,0.02521,19076234220.0,0.5984206856625883,0.5984206856625883
2026-04-03,Lido_stETH,0.02412,19017515514.0,0.5963627516542459,0.5963627516542459
2026-04-04,Lido_stETH,0.02367,19232967738.0,0.5957631454813572,0.5957631454813572
2026-04-05,Lido_stETH,0.02366,19346858310.0,0.5972815120421242,0.5972815120421242
2026-04-06,Lido_stETH,0.02383,19740314124.0,0.6190594383538437,0.6190594383538437
2026-04-07,Lido_stETH,0.024009999999999997,20715088078.0,0.6124874417135222,0.6124874417135222
2026-04-08,Lido_stETH,0.02423,20542820790.0,0.6498709742404621,0.6498709742404621
2026-04-09,Lido_stETH,0.02358,20883508263.0,0.632703262357691,0.632703262357691
2026-04-10,Lido_stETH,0.023780000000000003,21085535262.0,0.6353414950024842,0.6353414950024842
2026-04-11,Lido_stETH,0.02367,21509974947.0,0.6534274494681799,0.6534274494681799
2026-04-12,Lido_stETH,0.02359,20591041646.0,0.644279091154432,0.644279091154432
2026-04-13,Lido_stETH,0.02392,22147232348.0,0.6370621573168087,0.6370621573168087
2026-04-14,Lido_stETH,0.02411,21893434948.0,0.6882477596711127,0.6882477596711127
2026-04-15,Lido_stETH,0.02373,22428279587.0,0.6751033400678449,0.6751033400678449
2026-04-16,Lido_stETH,0.02374,22067983214.0,0.6857325875425567,0.6857325875425567
2026-04-17,Lido_stETH,0.024460000000000003,22888695246.0,0.6763541841979624,0.6763541841979624
2026-04-18,Lido_stETH,0.02459,22130557281.0,0.7020957759342193,0.7020957759342193
2026-04-19,Lido_stETH,0.02665,21230675911.0,0.6779142382625323,0.6779142382625323
2026-04-20,Lido_stETH,0.028290000000000003,21729203244.0,0.6596922115286918,0.6596922115286918
2026-04-21,Lido_stETH,0.02626,21602140175.0,0.6656434453665934,0.6656434453665934
2026-04-22,Lido_stETH,0.025859999999999998,22397742893.0,0.6856534332567465,0.6856534332567465
2026-04-23,Lido_stETH,0.02613,21758150863.0,0.6768284042900194,0.6768284042900194
2026-04-24,Lido_stETH,0.026389999999999997,21609650652.0,0.6677442410221217,0.6677442410221217
2026-04-25,Lido_stETH,0.024820000000000002,21619974358.0,0.6716734760131068,0.6716734760131068
2026-04-26,Lido_stETH,0.025230000000000002,21976270313.0,0.6688291876033104,0.6688291876033104
2026-04-27,Lido_stETH,0.02508,21364493936.0,0.6946846021101767,0.6946846021101767
2026-04-28,Lido_stETH,0.02543,21308071762.0,0.6628772312827583,0.6628772312827583
2026-04-29,Lido_stETH,0.027999999999999997,20720864868.0,0.6685113581326618,0.6685113581326618
2026-04-30,Lido_stETH,0.02674,20548748101.0,0.6537725660575033,0.6537725660575033
2026-05-01,Lido_stETH,0.02557,20836085149.0,0.6623577597234346,0.6623577597234346
2026-05-02,Lido_stETH,0.02448,21027995759.0,0.6692479949354257,0.6692479949354257
2026-05-03,Lido_stETH,0.02375,21234150325.0,0.6676484794793849,0.6676484794793849
2026-05-04,Lido_stETH,0.024399999999999998,21315690812.0,0.6894038948080551,0.6894038948080551
2026-05-05,Lido_stETH,0.024300000000000002,21331552268.0,0.6917730441113861,0.6917730441113861
2026-05-06,Lido_stETH,0.02535,21171703693.0,0.6891759613640864,0.6891759613640864
2026-05-07,Lido_stETH,0.03232,20139254536.0,0.673827616139599,0.673827616139599
2026-05-08,Lido_stETH,0.025990000000000003,20395616761.0,0.6620540672383817,0.6620540672383817
2026-05-09,Lido_stETH,0.02533,20493346604.0,0.6715426106991939,0.6715426106991939
2026-05-10,Lido_stETH,0.02421,20673584619.0,0.6766546272770839,0.6766546272770839
2026-05-11,Lido_stETH,0.02481,20495953911.0,0.6753300982108362,0.6753300982108362
2026-05-12,Lido_stETH,0.02506,20006228588.0,0.6715824475651283,0.6715824475651283
2026-05-13,Lido_stETH,0.02452,19787887597.0,0.6684840754224874,0.6684840754224874
2026-05-14,Lido_stETH,0.024700000000000003,20139999171.0,0.6525134060625714,0.6525134060625714
2026-05-15,Lido_stETH,0.0241,19434994742.0,0.6599730782286887,0.6599730782286887
2026-05-16,Lido_stETH,0.02427,19298443995.0,0.6470427560512219,0.6470427560512219
2026-05-17,Lido_stETH,0.023690000000000003,19334113103.0,0.6331164894857364,0.6331164894857364
2026-05-18,Lido_stETH,0.02426,18953649370.0,0.6157283674668376,0.6157283674668376
2026-05-19,Lido_stETH,0.023929999999999996,18666975969.0,0.6184726010237238,0.6184726010237238
2026-05-20,Lido_stETH,0.02379,18778193777.0,0.6135394002498551,0.6135394002498551
2026-05-21,Lido_stETH,0.02412,18882931429.0,0.6226580307092978,0.6226580307092978
2026-05-22,Lido_stETH,0.023450000000000002,18356177238.0,0.6205227245731857,0.6205227245731857
2026-05-23,Lido_stETH,0.02355,18781582906.0,0.6008188490074655,0.6008188490074655
2026-05-24,Lido_stETH,0.023629999999999998,18527161225.0,0.6148254146037663,0.6148254146037663
2026-05-25,Lido_stETH,0.02358,18723755999.0,0.6083910579047216,0.6083910579047216
2026-05-26,Lido_stETH,0.02368,18342825877.0,0.607424924765343,0.607424924765343
2026-05-27,Lido_stETH,0.023929999999999996,17971037204.0,0.6017428936868275,0.6017428936868275
2026-05-28,Lido_stETH,0.02464,17838550893.0,0.5768814932342378,0.5768814932342378
2026-05-29,Lido_stETH,0.02464,17751239769.0,0.5811622892451311,0.5811622892451311
2025-08-03,Maple_USDC,0.0918327,1930176516.0,1.0,1.0
2025-08-04,Maple_USDC,0.0919378,1978331649.0,1.0,1.0
2025-08-05,Maple_USDC,0.09153019999999999,2075566630.0,1.0,1.0
2025-08-06,Maple_USDC,0.0915249,2076143366.0,1.0,1.0
2025-08-07,Maple_USDC,0.09126150000000001,2107008465.0,1.0,1.0
2025-08-08,Maple_USDC,0.0910524,2098669227.0,1.0,1.0
2025-08-09,Maple_USDC,0.0908666,2110213600.0,1.0,1.0
2025-08-10,Maple_USDC,0.0906371,2132094545.0,1.0,1.0
2025-08-11,Maple_USDC,0.0903945,2110707585.0,1.0,1.0
2025-08-12,Maple_USDC,0.0907372,2151428206.0,1.0,1.0
2025-08-13,Maple_USDC,0.0906443,2237293183.0,1.0,1.0
2025-08-14,Maple_USDC,0.0908248,2223907355.0,1.0,1.0
2025-08-15,Maple_USDC,0.09083550000000001,2215619882.0,1.0,1.0
2025-08-16,Maple_USDC,0.09116809999999999,2216529779.0,1.0,1.0
2025-08-17,Maple_USDC,0.09150520000000001,2227465947.0,1.0,1.0
2025-08-18,Maple_USDC,0.09183730000000001,2213154612.0,1.0,1.0
2025-08-19,Maple_USDC,0.0915728,2187086977.0,1.0,1.0
2025-08-20,Maple_USDC,0.0917908,2221876593.0,1.0,1.0
2025-08-21,Maple_USDC,0.0919346,2196016710.0,1.0,1.0
2025-08-22,Maple_USDC,0.09217589999999999,2261210428.0,1.0,1.0
2025-08-23,Maple_USDC,0.0920898,2251893295.0,1.0,1.0
2025-08-24,Maple_USDC,0.09200150000000001,2231750283.0,1.0,1.0
2025-08-25,Maple_USDC,0.0919373,2168391958.0,1.0,1.0
2025-08-26,Maple_USDC,0.0918929,2201831896.0,1.0,1.0
2025-08-27,Maple_USDC,0.0917185,2269226261.0,1.0,1.0
2025-08-28,Maple_USDC,0.0915204,2298058579.0,1.0,1.0
2025-08-29,Maple_USDC,0.091306,2291960976.0,1.0,1.0
2025-08-30,Maple_USDC,0.0911332,2294236943.0,1.0,1.0
2025-08-31,Maple_USDC,0.0909846,2308271278.0,1.0,1.0
2025-09-01,Maple_USDC,0.0908122,2291431784.0,1.0,1.0
2025-09-02,Maple_USDC,0.09062150000000001,2327618343.0,1.0,1.0
2025-09-03,Maple_USDC,0.09058859999999999,2467740955.0,1.0,1.0
2025-09-04,Maple_USDC,0.0906175,2503440381.0,1.0,1.0
2025-09-05,Maple_USDC,0.0907259,2510647324.0,1.0,1.0
2025-09-06,Maple_USDC,0.0907818,2504688426.0,1.0,1.0
2025-09-07,Maple_USDC,0.0906476,2522202361.0,1.0,1.0
2025-09-08,Maple_USDC,0.09051239999999999,2541481349.0,1.0,1.0
2025-09-09,Maple_USDC,0.0905884,2496421879.0,1.0,1.0
2025-09-10,Maple_USDC,0.09072960000000001,2568779516.0,1.0,1.0
2025-09-11,Maple_USDC,0.0906709,2593752178.0,1.0,1.0
2025-09-12,Maple_USDC,0.0906332,2613752811.0,1.0,1.0
2025-09-13,Maple_USDC,0.0905001,2755681448.0,1.0,1.0
2025-09-14,Maple_USDC,0.090705,2768879665.0,1.0,1.0
2025-09-15,Maple_USDC,0.09191369999999999,2723036239.0,1.0,1.0
2025-09-16,Maple_USDC,0.0920019,2773281028.0,1.0,1.0
2025-09-17,Maple_USDC,0.0920159,2783644577.0,1.0,1.0
2025-09-18,Maple_USDC,0.0922687,2793149583.0,1.0,1.0
2025-09-19,Maple_USDC,0.09248379999999999,2769334545.0,1.0,1.0
2025-09-20,Maple_USDC,0.0928035,2779066471.0,1.0,1.0
2025-09-21,Maple_USDC,0.0928035,2778075625.0,1.0,1.0
2025-09-22,Maple_USDC,0.09204549999999999,2723865306.0,1.0,1.0
2025-09-23,Maple_USDC,0.0920849,2710196829.0,1.0,1.0
2025-09-24,Maple_USDC,0.0921415,2680371329.0,1.0,1.0
2025-09-25,Maple_USDC,0.09205360000000001,2623544035.0,1.0,1.0
2025-09-26,Maple_USDC,0.09174739999999999,2661669774.0,1.0,1.0
2025-09-27,Maple_USDC,0.09142310000000001,2656790873.0,1.0,1.0
2025-09-28,Maple_USDC,0.0913707,2691793727.0,1.0,1.0
2025-09-29,Maple_USDC,0.0911102,2716358005.0,1.0,1.0
2025-09-30,Maple_USDC,0.0908489,2641561786.0,1.0,1.0
2025-10-01,Maple_USDC,0.0908204,2773756643.0,1.0,1.0
2025-10-02,Maple_USDC,0.0906867,2810576134.0,1.0,1.0
2025-10-03,Maple_USDC,0.0907502,2851347336.0,1.0,1.0
2025-10-04,Maple_USDC,0.09082380000000001,2835678445.0,1.0,1.0
2025-10-05,Maple_USDC,0.0906324,2849903026.0,1.0,1.0
2025-10-06,Maple_USDC,0.0907682,2890332168.0,1.0,1.0
2025-10-07,Maple_USDC,0.0908019,2828737012.0,1.0,1.0
2025-10-08,Maple_USDC,0.0905961,2858479932.0,1.0,1.0
2025-10-09,Maple_USDC,0.0907134,2840616043.0,1.0,1.0
2025-10-10,Maple_USDC,0.0906739,2705764241.0,1.0,1.0
2025-10-11,Maple_USDC,0.090573,2639260580.0,1.0,1.0
2025-10-12,Maple_USDC,0.09050409999999999,2714878648.0,1.0,1.0
2025-10-13,Maple_USDC,0.0903274,2773094010.0,1.0,1.0
2025-10-14,Maple_USDC,0.0902194,2725279843.0,1.0,1.0
2025-10-15,Maple_USDC,0.0900555,2698599698.0,1.0,1.0
2025-10-16,Maple_USDC,0.0896929,2707958747.0,1.0,1.0
2025-10-17,Maple_USDC,0.0893211,2733686905.0,1.0,1.0
2025-10-18,Maple_USDC,0.08902879999999999,2746063372.0,1.0,1.0
2025-10-19,Maple_USDC,0.0886726,2787783686.0,1.0,1.0
2025-10-20,Maple_USDC,0.0882911,2816763137.0,1.0,1.0
2025-10-21,Maple_USDC,0.0748225,2850707194.0,1.0,1.0
2025-10-22,Maple_USDC,0.074463,2812679501.0,1.0,1.0
2025-10-23,Maple_USDC,0.0740228,2870304834.0,1.0,1.0
2025-10-24,Maple_USDC,0.073656,2891649246.0,1.0,1.0
2025-10-25,Maple_USDC,0.0732762,2901742237.0,1.0,1.0
2025-10-26,Maple_USDC,0.07292799999999999,2948642364.0,1.0,1.0
2025-10-27,Maple_USDC,0.0726198,2942294275.0,1.0,1.0
2025-10-28,Maple_USDC,0.0723146,2903825030.0,1.0,1.0
2025-10-29,Maple_USDC,0.0719336,2876878231.0,1.0,1.0
2025-10-30,Maple_USDC,0.0715995,2823975466.0,1.0,1.0
2025-10-31,Maple_USDC,0.071335,2779197574.0,1.0,1.0
2025-11-01,Maple_USDC,0.0710312,2774198864.0,1.0,1.0
2025-11-02,Maple_USDC,0.07065640000000001,2761136940.0,1.0,1.0
2025-11-03,Maple_USDC,0.0702913,2702767226.0,1.0,1.0
2025-11-04,Maple_USDC,0.06992029999999999,2565788129.0,1.0,1.0
2025-11-05,Maple_USDC,0.0695207,2571135327.0,1.0,1.0
2025-11-06,Maple_USDC,0.0693196,2553017371.0,1.0,1.0
2025-11-07,Maple_USDC,0.0691721,2576320713.0,1.0,1.0
2025-11-08,Maple_USDC,0.0690783,2553337062.0,1.0,1.0
2025-11-09,Maple_USDC,0.0690335,2585682766.0,1.0,1.0
2025-11-10,Maple_USDC,0.0689864,2625949212.0,1.0,1.0
2025-11-11,Maple_USDC,0.0689497,2550980254.0,1.0,1.0
2025-11-12,Maple_USDC,0.0690061,2616481562.0,1.0,1.0
2025-11-13,Maple_USDC,0.0689501,2590835571.0,1.0,1.0
2025-11-14,Maple_USDC,0.0690355,2511577194.0,1.0,1.0
2025-11-15,Maple_USDC,0.0691179,2516546865.0,1.0,1.0
2025-11-16,Maple_USDC,0.0691641,2501202572.0,1.0,1.0
2025-11-17,Maple_USDC,0.0691983,2502117258.0,1.0,1.0
2025-11-18,Maple_USDC,0.0692685,2619012095.0,1.0,1.0
2025-11-19,Maple_USDC,0.0693264,2621092280.0,1.0,1.0
2025-11-20,Maple_USDC,0.06920079999999999,2620452914.0,1.0,1.0
2025-11-21,Maple_USDC,0.06879439999999999,2600006332.0,1.0,1.0
2025-11-22,Maple_USDC,0.0683177,2613745452.0,1.0,1.0
2025-11-23,Maple_USDC,0.0679287,2652817708.0,1.0,1.0
2025-11-24,Maple_USDC,0.0676251,2860943779.0,1.0,1.0
2025-11-25,Maple_USDC,0.0673594,2823961886.0,1.0,1.0
2025-11-26,Maple_USDC,0.06737599999999999,2872836819.0,1.0,1.0
2025-11-27,Maple_USDC,0.0674806,2874416650.0,1.0,1.0
2025-11-28,Maple_USDC,0.0677149,2890577622.0,1.0,1.0
2025-11-29,Maple_USDC,0.06800869999999999,2890197727.0,1.0,1.0
2025-11-30,Maple_USDC,0.0682456,2887823461.0,1.0,1.0
2025-12-01,Maple_USDC,0.0684044,2758370726.0,1.0,1.0
2025-12-02,Maple_USDC,0.0684869,2822235702.0,1.0,1.0
2025-12-03,Maple_USDC,0.0681537,2892586555.0,1.0,1.0
2025-12-04,Maple_USDC,0.0678045,3012691247.0,1.0,1.0
2025-12-05,Maple_USDC,0.06742880000000001,2955614204.0,1.0,1.0
2025-12-06,Maple_USDC,0.0672053,2955780638.0,1.0,1.0
2025-12-07,Maple_USDC,0.0669347,2957070653.0,1.0,1.0
2025-12-08,Maple_USDC,0.0666593,2932519476.0,1.0,1.0
2025-12-09,Maple_USDC,0.0663392,2924214118.0,1.0,1.0
2025-12-10,Maple_USDC,0.0659561,2928439635.0,1.0,1.0
2025-12-11,Maple_USDC,0.065623,2773193264.0,1.0,1.0
2025-12-12,Maple_USDC,0.0652399,2939766724.0,1.0,1.0
2025-12-13,Maple_USDC,0.0645015,2954747299.0,1.0,1.0
2025-12-14,Maple_USDC,0.0640606,2934621683.0,1.0,1.0
2025-12-15,Maple_USDC,0.063607,2897884271.0,1.0,1.0
2025-12-16,Maple_USDC,0.0632142,2967289683.0,1.0,1.0
2025-12-17,Maple_USDC,0.0629796,2943059237.0,1.0,1.0
2025-12-18,Maple_USDC,0.06267890000000001,2711084632.0,1.0,1.0
2025-12-19,Maple_USDC,0.062343,2752845928.0,1.0,1.0
2025-12-20,Maple_USDC,0.061638599999999995,2760144049.0,1.0,1.0
2025-12-21,Maple_USDC,0.0606894,2746568446.0,1.0,1.0
2025-12-22,Maple_USDC,0.0600281,2662154143.0,1.0,1.0
2025-12-23,Maple_USDC,0.0593615,3195894613.0,1.0,1.0
2025-12-24,Maple_USDC,0.0588682,3213574567.0,1.0,1.0
2025-12-25,Maple_USDC,0.059062,3200021134.0,1.0,1.0
2025-12-26,Maple_USDC,0.0594926,3070849262.0,1.0,1.0
2025-12-27,Maple_USDC,0.060533000000000003,3074014504.0,1.0,1.0
2025-12-28,Maple_USDC,0.0617758,3074873462.0,1.0,1.0
2025-12-29,Maple_USDC,0.0625286,2959172665.0,1.0,1.0
2025-12-30,Maple_USDC,0.06331400000000001,3006468293.0,1.0,1.0
2025-12-31,Maple_USDC,0.06444860000000001,3105654802.0,1.0,1.0
2026-01-01,Maple_USDC,0.0649459,3159791391.0,1.0,1.0
2026-01-02,Maple_USDC,0.06582539999999999,2583971024.0,1.0,1.0
2026-01-03,Maple_USDC,0.0661102,2612759696.0,1.0,1.0
2026-01-04,Maple_USDC,0.0653377,2651921761.0,1.0,1.0
2026-01-05,Maple_USDC,0.0647455,2751092133.0,1.0,1.0
2026-01-06,Maple_USDC,0.0551726,2839289292.0,1.0,1.0
2026-01-07,Maple_USDC,0.054025800000000006,2803181326.0,1.0,1.0
2026-01-08,Maple_USDC,0.0530147,2783343280.0,1.0,1.0
2026-01-09,Maple_USDC,0.0514272,2679330338.0,1.0,1.0
2026-01-10,Maple_USDC,0.0504232,2667155938.0,1.0,1.0
2026-01-11,Maple_USDC,0.0504126,2656442982.0,1.0,1.0
2026-01-12,Maple_USDC,0.0504542,2663000607.0,1.0,1.0
2026-01-13,Maple_USDC,0.050555,2731917639.0,1.0,1.0
2026-01-14,Maple_USDC,0.0506999,2707494206.0,1.0,1.0
2026-01-15,Maple_USDC,0.0508199,2686178041.0,1.0,1.0
2026-01-16,Maple_USDC,0.0510052,2682403787.0,1.0,1.0
2026-01-17,Maple_USDC,0.051238599999999995,2679642655.0,1.0,1.0
2026-01-18,Maple_USDC,0.051278699999999997,2677644279.0,1.0,1.0
2026-01-19,Maple_USDC,0.051306000000000004,2651713571.0,1.0,1.0
2026-01-20,Maple_USDC,0.0513324,2596806743.0,1.0,1.0
2026-01-21,Maple_USDC,0.0513387,2701866708.0,1.0,1.0
2026-01-22,Maple_USDC,0.0514976,2665047705.0,1.0,1.0
2026-01-23,Maple_USDC,0.0519599,2672934547.0,1.0,1.0
2026-01-24,Maple_USDC,0.052354000000000005,2672448469.0,1.0,1.0
2026-01-25,Maple_USDC,0.0528275,2657419284.0,1.0,1.0
2026-01-26,Maple_USDC,0.053259299999999996,2740107193.0,1.0,1.0
2026-01-27,Maple_USDC,0.0536984,2809358207.0,1.0,1.0
2026-01-28,Maple_USDC,0.0542122,2800258727.0,1.0,1.0
2026-01-29,Maple_USDC,0.054508299999999996,2839123872.0,1.0,1.0
2026-01-30,Maple_USDC,0.05439,2832288781.0,1.0,1.0
2026-01-31,Maple_USDC,0.054143699999999996,2833823853.0,1.0,1.0
2026-02-01,Maple_USDC,0.053810500000000004,2827493949.0,1.0,1.0
2026-02-02,Maple_USDC,0.0534591,2859804371.0,1.0,1.0
2026-02-03,Maple_USDC,0.0531093,2876602941.0,1.0,1.0
2026-02-04,Maple_USDC,0.0527289,2728288654.0,1.0,1.0
2026-02-05,Maple_USDC,0.051701,2557031909.0,1.0,1.0
2026-02-06,Maple_USDC,0.0508765,2741650587.0,1.0,1.0
2026-02-07,Maple_USDC,0.0501099,2762695416.0,1.0,1.0
2026-02-08,Maple_USDC,0.0494679,2800669744.0,1.0,1.0
2026-02-09,Maple_USDC,0.0488354,2955562751.0,1.0,1.0
2026-02-10,Maple_USDC,0.048000299999999996,3226037403.0,1.0,1.0
2026-02-11,Maple_USDC,0.0470972,3214884169.0,1.0,1.0
2026-02-12,Maple_USDC,0.0468968,3198293531.0,1.0,1.0
2026-02-13,Maple_USDC,0.046570600000000004,3224881092.0,1.0,1.0
2026-02-14,Maple_USDC,0.0463096,3262639330.0,1.0,1.0
2026-02-15,Maple_USDC,0.0460179,3252044663.0,1.0,1.0
2026-02-16,Maple_USDC,0.0457707,3262529982.0,1.0,1.0
2026-02-17,Maple_USDC,0.045709,3262083181.0,1.0,1.0
2026-02-18,Maple_USDC,0.045695,3236576248.0,1.0,1.0
2026-02-19,Maple_USDC,0.0456501,3259491234.0,1.0,1.0
2026-02-20,Maple_USDC,0.045487799999999995,3282260512.0,1.0,1.0
2026-02-21,Maple_USDC,0.0454371,3281874642.0,1.0,1.0
2026-02-22,Maple_USDC,0.0455136,3268465697.0,1.0,1.0
2026-02-23,Maple_USDC,0.0456551,3215588581.0,1.0,1.0
2026-02-24,Maple_USDC,0.045498000000000004,3199550718.0,1.0,1.0
2026-02-25,Maple_USDC,0.0453528,3268484046.0,1.0,1.0
2026-02-26,Maple_USDC,0.0454923,3218248701.0,1.0,1.0
2026-02-27,Maple_USDC,0.0455473,3188189150.0,1.0,1.0
2026-02-28,Maple_USDC,0.0455617,3208182101.0,1.0,1.0
2026-03-01,Maple_USDC,0.045711,3181232916.0,1.0,1.0
2026-03-02,Maple_USDC,0.0456173,3220458777.0,1.0,1.0
2026-03-03,Maple_USDC,0.0456289,3142687422.0,1.0,1.0
2026-03-04,Maple_USDC,0.045674900000000004,3100039567.0,1.0,1.0
2026-03-05,Maple_USDC,0.045523499999999995,3020847903.0,1.0,1.0
2026-03-06,Maple_USDC,0.04561899999999999,3014348332.0,1.0,1.0
2026-03-07,Maple_USDC,0.0456391,3010675168.0,1.0,1.0
2026-03-08,Maple_USDC,0.0452878,2997004892.0,1.0,1.0
2026-03-09,Maple_USDC,0.045241800000000006,3031016445.0,1.0,1.0
2026-03-10,Maple_USDC,0.045434,3078504649.0,1.0,1.0
2026-03-11,Maple_USDC,0.045293900000000005,3122623686.0,1.0,1.0
2026-03-12,Maple_USDC,0.045104,3180921576.0,1.0,1.0
2026-03-13,Maple_USDC,0.044770399999999995,3197111181.0,1.0,1.0
2026-03-14,Maple_USDC,0.044501099999999995,3210783148.0,1.0,1.0
2026-03-15,Maple_USDC,0.0441666,3268170455.0,1.0,1.0
2026-03-16,Maple_USDC,0.0437427,3328157005.0,1.0,1.0
2026-03-17,Maple_USDC,0.0434772,3366952273.0,1.0,1.0
2026-03-18,Maple_USDC,0.043384900000000004,3258569864.0,1.0,1.0
2026-03-19,Maple_USDC,0.0430795,3341442348.0,1.0,1.0
2026-03-20,Maple_USDC,0.0428215,3394688635.0,1.0,1.0
2026-03-21,Maple_USDC,0.0427764,3397623497.0,1.0,1.0
2026-03-22,Maple_USDC,0.042649,3291511713.0,1.0,1.0
2026-03-23,Maple_USDC,0.0423951,3263553200.0,1.0,1.0
2026-03-24,Maple_USDC,0.0419914,3182123698.0,1.0,1.0
2026-03-25,Maple_USDC,0.0418725,3198414091.0,1.0,1.0
2026-03-26,Maple_USDC,0.041944800000000004,3395512527.0,1.0,1.0
2026-03-27,Maple_USDC,0.0422058,3347540019.0,1.0,1.0
2026-03-28,Maple_USDC,0.0426574,3379600248.0,1.0,1.0
2026-03-29,Maple_USDC,0.043355199999999997,3343069487.0,1.0,1.0
2026-03-30,Maple_USDC,0.0441409,3374031266.0,1.0,1.0
2026-03-31,Maple_USDC,0.0448836,3418288757.0,1.0,1.0
2026-04-01,Maple_USDC,0.045444399999999996,3361630400.0,1.0,1.0
2026-04-02,Maple_USDC,0.0460235,3142799508.0,1.0,1.0
2026-04-03,Maple_USDC,0.0463123,3145008153.0,1.0,1.0
2026-04-04,Maple_USDC,0.0457146,3150217518.0,1.0,1.0
2026-04-05,Maple_USDC,0.045125599999999995,3150617184.0,1.0,1.0
2026-04-06,Maple_USDC,0.0445428,3738037128.0,1.0,1.0
2026-04-07,Maple_USDC,0.0438253,3619767254.0,1.0,1.0
2026-04-08,Maple_USDC,0.043137100000000005,2749517613.0,1.0,1.0
2026-04-09,Maple_USDC,0.0425187,3589115283.0,1.0,1.0
2026-04-10,Maple_USDC,0.042055100000000005,3578636831.0,1.0,1.0
2026-04-11,Maple_USDC,0.0418846,3585639230.0,1.0,1.0
2026-04-12,Maple_USDC,0.0418407,3553760899.0,1.0,1.0
2026-04-13,Maple_USDC,0.0417964,3470480826.0,1.0,1.0
2026-04-14,Maple_USDC,0.041948,3462999606.0,1.0,1.0
2026-04-15,Maple_USDC,0.042125899999999994,3388662040.0,1.0,1.0
2026-04-16,Maple_USDC,0.042485600000000005,3396782655.0,1.0,1.0
2026-04-17,Maple_USDC,0.0438245,3382097237.0,1.0,1.0
2026-04-18,Maple_USDC,0.0441725,3288673728.0,1.0,1.0
2026-04-19,Maple_USDC,0.044558799999999996,3039022678.0,1.0,1.0
2026-04-20,Maple_USDC,0.047983700000000004,2839528503.0,1.0,1.0
2026-04-21,Maple_USDC,0.048687100000000004,2545181179.0,1.0,1.0
2026-04-22,Maple_USDC,0.0481733,2409531264.0,1.0,1.0
2026-04-23,Maple_USDC,0.0491608,2574172919.0,1.0,1.0
2026-04-24,Maple_USDC,0.0489037,2615841589.0,1.0,1.0
2026-04-25,Maple_USDC,0.04977909999999999,2623236243.0,1.0,1.0
2026-04-26,Maple_USDC,0.0504371,2632598308.0,1.0,1.0
2026-04-27,Maple_USDC,0.048025599999999995,2615727992.0,1.0,1.0
2026-04-28,Maple_USDC,0.0482693,2642063576.0,1.0,1.0
2026-04-29,Maple_USDC,0.0494917,2651995343.0,1.0,1.0
2026-04-30,Maple_USDC,0.0482011,2662494675.0,1.0,1.0
2026-05-01,Maple_USDC,0.047231300000000004,2997246883.0,1.0,1.0
2026-05-02,Maple_USDC,0.046755000000000005,3023363070.0,1.0,1.0
2026-05-03,Maple_USDC,0.04752169999999999,3031881354.0,1.0,1.0
2026-05-04,Maple_USDC,0.0489236,3051498558.0,1.0,1.0
2026-05-05,Maple_USDC,0.0489505,3085344346.0,1.0,1.0
2026-05-06,Maple_USDC,0.0490714,3079775529.0,1.0,1.0
2026-05-07,Maple_USDC,0.0511039,3059635952.0,1.0,1.0
2026-05-08,Maple_USDC,0.0520624,3182691405.0,1.0,1.0
2026-05-09,Maple_USDC,0.052326899999999996,3195815618.0,1.0,1.0
2026-05-10,Maple_USDC,0.0515928,3233067567.0,1.0,1.0
2026-05-11,Maple_USDC,0.0502515,3341795950.0,1.0,1.0
2026-05-12,Maple_USDC,0.0500858,3356424046.0,1.0,1.0
2026-05-13,Maple_USDC,0.049767900000000004,3362758304.0,1.0,1.0
2026-05-14,Maple_USDC,0.0487022,3385800204.0,1.0,1.0
2026-05-15,Maple_USDC,0.048188,3366195575.0,1.0,1.0
2026-05-16,Maple_USDC,0.048322399999999995,3385616592.0,1.0,1.0
2026-05-17,Maple_USDC,0.0483166,3385577473.0,1.0,1.0
2026-05-18,Maple_USDC,0.0479363,3377375543.0,1.0,1.0
2026-05-19,Maple_USDC,0.0478939,3333504026.0,1.0,1.0
2026-05-20,Maple_USDC,0.0479941,3296458239.0,1.0,1.0
2026-05-21,Maple_USDC,0.0476575,3304549699.0,1.0,1.0
2026-05-22,Maple_USDC,0.0479533,3288294806.0,1.0,1.0
2026-05-23,Maple_USDC,0.047643700000000004,3303296310.0,1.0,1.0
2026-05-24,Maple_USDC,0.0472696,3306288713.0,1.0,1.0
2026-05-25,Maple_USDC,0.047406699999999996,3310512615.0,1.0,1.0
2026-05-26,Maple_USDC,0.0470406,3306662964.0,1.0,1.0
2026-05-27,Maple_USDC,0.0468983,3269566600.0,1.0,1.0
2026-05-28,Maple_USDC,0.047057299999999996,3275100811.0,1.0,1.0
2026-05-29,Maple_USDC,0.047057299999999996,3270874239.0,1.0,1.0
2025-08-02,Vesper_ETH,0.1697,4981506.0,1.0,1.0
2025-08-03,Vesper_ETH,0.16690000000000002,5110820.0,0.9780349805915602,0.9780349805915602
2025-08-04,Vesper_ETH,0.1463,5615331.0,1.0096105827071937,1.0096105827071937
2025-08-05,Vesper_ETH,0.1076,5516520.0,1.0367001112296552,1.0367001112296552
2025-08-06,Vesper_ETH,0.0258,5511120.0,1.0172803214310036,1.0172803214310036
2025-08-07,Vesper_ETH,0.0063,5724108.0,1.0385983928449822,1.0385983928449822
2025-08-08,Vesper_ETH,0.0076,5840444.0,1.115843415885411,1.115843415885411
2025-08-09,Vesper_ETH,0.0085,6190076.0,1.1491896125122012,1.1491896125122012
2025-08-10,Vesper_ETH,0.0089,6138306.0,1.2043504415136315,1.2043504415136315
2025-08-11,Vesper_ETH,0.0089,6108096.0,1.222547272603455,1.222547272603455
2025-08-12,Vesper_ETH,0.0225,6634868.0,1.2158507933625406,1.2158507933625406
2025-08-13,Vesper_ETH,0.0356,6819534.0,1.3175947154563823,1.3175947154563823
2025-08-14,Vesper_ETH,0.0733,6514823.0,1.3534946541665722,1.3534946541665722
2025-08-15,Vesper_ETH,0.1128,6452274.0,1.3168796676730303,1.3168796676730303
2025-08-16,Vesper_ETH,0.1112,7617179.0,1.261352802306313,1.261352802306313
2025-08-17,Vesper_ETH,0.0758,7972320.0,1.264281093228611,1.264281093228611
2025-08-18,Vesper_ETH,0.046799999999999994,7694464.0,1.225782012575761,1.225782012575761
2025-08-19,Vesper_ETH,0.0052,7327529.0,1.1985733094227409,1.1985733094227409
2025-08-20,Vesper_ETH,0.0033,7702140.0,1.1756123306017754,1.1756123306017754
2025-08-21,Vesper_ETH,0.0,7497142.0,1.2200190679408895,1.2200190679408895
2025-08-22,Vesper_ETH,0.0,8512276.0,1.2134985131546092,1.2134985131546092
2025-08-23,Vesper_ETH,0.0,8399812.0,1.3320318707012009,1.3320318707012009
2025-08-24,Vesper_ETH,0.0,8410974.0,1.3592348988718137,1.3592348988718137
2025-08-25,Vesper_ETH,0.0,7755641.0,1.344057158422809,1.344057158422809
2025-08-26,Vesper_ETH,0.0,8104674.0,1.250726397748167,1.250726397748167
2025-08-27,Vesper_ETH,0.0,8018839.0,1.3080607450116906,1.3080607450116906
2025-08-28,Vesper_ETH,0.0,7942148.0,1.2895092275213949,1.2895092275213949
2025-08-29,Vesper_ETH,0.0051,6893806.0,1.2765078428256873,1.2765078428256873
2025-08-30,Vesper_ETH,0.0336,6877846.0,1.2361445304519558,1.2361445304519558
2025-08-31,Vesper_ETH,0.0208,7050812.0,1.26989932581209,1.26989932581209
2025-09-01,Vesper_ETH,0.0279,6786753.0,1.250156062016208,1.250156062016208
2025-09-02,Vesper_ETH,0.0344,6849045.0,1.239960956121036,1.239960956121036
2025-09-03,Vesper_ETH,0.0403,7074775.0,1.2296665380337322,1.2296665380337322
2025-09-04,Vesper_ETH,0.041299999999999996,6828071.0,1.2469468594647357,1.2469468594647357
2025-09-05,Vesper_ETH,0.0364,6782656.0,1.2284010169568476,1.2284010169568476
2025-09-06,Vesper_ETH,0.0298,6755261.0,1.2261111615553992,1.2261111615553992
2025-09-07,Vesper_ETH,0.0215,6770293.0,1.218699634531133,1.218699634531133
2025-09-08,Vesper_ETH,0.0116,6795801.0,1.2237787437858945,1.2237787437858945
2025-09-09,Vesper_ETH,0.0,6802909.0,1.221210814246476,1.221210814246476
2025-09-10,Vesper_ETH,0.012199999999999999,6434720.0,1.2256259505595533,1.2256259505595533
2025-09-11,Vesper_ETH,0.0426,6587020.0,1.2480165936485599,1.2480165936485599
2025-09-12,Vesper_ETH,0.0232,8025996.0,1.2777478264817381,1.2777478264817381
2025-09-13,Vesper_ETH,0.0,7946834.0,1.3504244886840853,1.3504244886840853
2025-09-14,Vesper_ETH,0.0,7903079.0,1.3240386579801602,1.3240386579801602
2025-09-15,Vesper_ETH,0.001,7718586.0,1.3175549905795294,1.3175549905795294
2025-09-16,Vesper_ETH,0.0029,7731655.0,1.2836923705536514,1.2836923705536514
2025-09-17,Vesper_ETH,0.0060999999999999995,7863604.0,1.2770753410664428,1.2770753410664428
2025-09-18,Vesper_ETH,0.042699999999999995,7861668.0,1.3102144008353576,1.3102144008353576
2025-09-19,Vesper_ETH,0.07150000000000001,7655008.0,1.2923580686899871,1.2923580686899871
2025-09-20,Vesper_ETH,0.0738,8186593.0,1.2670675095907202,1.2670675095907202
2025-09-21,Vesper_ETH,0.062,8322770.0,1.2708669103125783,1.2708669103125783
2025-09-22,Vesper_ETH,0.053200000000000004,7839703.0,1.2226721222164212,1.2226721222164212
2025-09-23,Vesper_ETH,0.041299999999999996,7821126.0,1.1898735613919595,1.1898735613919595
2025-09-24,Vesper_ETH,0.0537,7769058.0,1.1776099244092344,1.1776099244092344
2025-09-25,Vesper_ETH,0.0768,7267321.0,1.1480546160306904,1.1480546160306904
2025-09-26,Vesper_ETH,0.1167,7549062.0,1.1255589857671442,1.1255589857671442
2025-09-27,Vesper_ETH,0.0704,7515396.0,1.1414716364379272,1.1414716364379272
2025-09-28,Vesper_ETH,0.0171,7734499.0,1.1363556397975167,1.1363556397975167
2025-09-29,Vesper_ETH,0.0018,7895568.0,1.168342678137698,1.168342678137698
2025-09-30,Vesper_ETH,0.0046,7759142.0,1.1922655664767439,1.1922655664767439
2025-10-01,Vesper_ETH,0.0068000000000000005,8100295.0,1.172545002610492,1.172545002610492
2025-10-02,Vesper_ETH,0.0084,8355123.0,1.2428608721312966,1.2428608721312966
2025-10-03,Vesper_ETH,0.0101,8480713.0,1.2780624955108009,1.2780624955108009
2025-10-04,Vesper_ETH,0.011699999999999999,8398190.0,1.2741252706363249,1.2741252706363249
2025-10-05,Vesper_ETH,0.013000000000000001,8455746.0,1.2872985329956521,1.2872985329956521
2025-10-06,Vesper_ETH,0.0144,8796584.0,1.2869669073303844,1.2869669073303844
2025-10-07,Vesper_ETH,0.0158,8406789.0,1.3316179121978193,1.3316179121978193
2025-10-08,Vesper_ETH,0.0163,8454911.0,1.260782076014458,1.260782076014458
2025-10-09,Vesper_ETH,0.0161,8151814.0,1.2630986949472396,1.2630986949472396
2025-10-10,Vesper_ETH,0.0151,7211246.0,1.2347677127045842,1.2347677127045842
2025-10-11,Vesper_ETH,0.013300000000000001,7019617.0,1.0753610938967515,1.0753610938967515
2025-10-12,Vesper_ETH,0.010700000000000001,7752964.0,1.07455108382076,1.07455108382076
2025-10-13,Vesper_ETH,0.0073,7991668.0,1.175656340489941,1.175656340489941
2025-10-14,Vesper_ETH,0.0087,7691465.0,1.1806543023941072,1.1806543023941072
2025-10-15,Vesper_ETH,0.0113,7387965.0,1.1590948939334105,1.1590948939334105
2025-10-16,Vesper_ETH,0.013000000000000001,7225425.0,1.1408686386564533,1.1408686386564533
2025-10-17,Vesper_ETH,0.0184,7195242.0,1.1163545182446573,1.1163545182446573
2025-10-18,Vesper_ETH,0.044000000000000004,7265977.0,1.0983912113513523,1.0983912113513523
2025-10-19,Vesper_ETH,0.0697,7500931.0,1.106980582452714,1.106980582452714
2025-10-20,Vesper_ETH,0.0971,7441721.0,1.1426551762315733,1.1426551762315733
2025-10-21,Vesper_ETH,0.1094,7213167.0,1.1144683947485554,1.1144683947485554
2025-10-22,Vesper_ETH,0.11689999999999999,7082209.0,1.0945880696526817,1.0945880696526817
2025-10-23,Vesper_ETH,0.11599999999999999,7229293.0,1.0862546639629718,1.0862546639629718
2025-10-24,Vesper_ETH,0.10890000000000001,7385136.0,1.1040340428551898,1.1040340428551898
2025-10-25,Vesper_ETH,0.0947,7415111.0,1.1135848462323366,1.1135848462323366
2025-10-26,Vesper_ETH,0.07339999999999999,7778108.0,1.1154808916878753,1.1154808916878753
2025-10-27,Vesper_ETH,0.0458,7747891.0,1.1931297087362092,1.1931297087362092
2025-10-28,Vesper_ETH,0.017,7495881.0,1.1620138085805094,1.1620138085805094
2025-10-29,Vesper_ETH,0.0152,7390991.0,1.1343055883952842,1.1343055883952842
2025-10-30,Vesper_ETH,0.0161,7075980.0,1.1157732380480387,1.1157732380480387
2025-10-31,Vesper_ETH,0.0115,7240016.0,1.0852124269396322,1.0852124269396322
2025-11-01,Vesper_ETH,0.009399999999999999,7252267.0,1.0949734374343594,1.0949734374343594
2025-11-02,Vesper_ETH,0.0089,7247072.0,1.10090843432916,1.10090843432916
2025-11-03,Vesper_ETH,0.008199999999999999,6734932.0,1.0597858555764446,1.0597858555764446
2025-11-04,Vesper_ETH,0.0098,6076920.0,1.0344910625364614,1.0344910625364614
2025-11-05,Vesper_ETH,0.0108,6640566.0,0.9471540026921326,0.9471540026921326
2025-11-06,Vesper_ETH,0.0111,6422507.0,0.9746349471125699,0.9746349471125699
2025-11-07,Vesper_ETH,0.012,6696952.0,0.9486421184554154,0.9486421184554154
2025-11-08,Vesper_ETH,0.0134,6634637.0,0.9809844087743292,0.9809844087743292
2025-11-09,Vesper_ETH,0.022000000000000002,7047718.0,0.9574309728034225,0.9574309728034225
2025-11-10,Vesper_ETH,0.041299999999999996,6999116.0,1.0296583172910696,1.0296583172910696
2025-11-11,Vesper_ETH,0.0526,6709271.0,1.023550570335497,1.023550570335497
2025-11-12,Vesper_ETH,0.0701,6659099.0,0.9765374037028769,0.9765374037028769
2025-11-13,Vesper_ETH,0.0868,6333270.0,0.9815581781068153,0.9815581781068153
2025-11-14,Vesper_ETH,0.1038,6236247.0,0.9142968487615383,0.9142968487615383
2025-11-15,Vesper_ETH,0.1035,6274263.0,0.9011703394623477,0.9011703394623477
2025-11-16,Vesper_ETH,0.08380000000000001,5994340.0,0.9069593037302353,0.9069593037302353
2025-11-17,Vesper_ETH,0.0554,6008238.0,0.9002854992614782,0.9002854992614782
2025-11-18,Vesper_ETH,0.0601,6194423.0,0.8555595084535691,0.8555595084535691
2025-11-19,Vesper_ETH,0.0466,6061953.0,0.8712707557434664,0.8712707557434664
2025-11-20,Vesper_ETH,0.0177,5857652.0,0.8610875150885691,0.8610875150885691
2025-11-21,Vesper_ETH,0.0179,5957119.0,0.798547365587199,0.798547365587199
2025-11-22,Vesper_ETH,0.0196,6093122.0,0.7809679262694166,0.7809679262694166
2025-11-23,Vesper_ETH,0.0202,6196422.0,0.8000264859892726,0.8000264859892726
2025-11-24,Vesper_ETH,0.0196,6473466.0,0.809985135685488,0.809985135685488
2025-11-25,Vesper_ETH,0.0179,6468592.0,0.8265346310395323,0.8265346310395323
2025-11-26,Vesper_ETH,0.018500000000000003,6602032.0,0.8301997703028846,0.8301997703028846
2025-11-27,Vesper_ETH,0.0184,6573569.0,0.8611942520781155,0.8611942520781155
2025-11-28,Vesper_ETH,0.0176,6616943.0,0.85366157868146,0.85366157868146
2025-11-29,Vesper_ETH,0.0159,6528433.0,0.8578877494205582,0.8578877494205582
2025-11-30,Vesper_ETH,0.013500000000000002,6612375.0,0.851930046072579,0.851930046072579
2025-12-01,Vesper_ETH,0.0104,6132178.0,0.8014461648087481,0.8014461648087481
2025-12-02,Vesper_ETH,0.0066,6674002.0,0.7962937779396548,0.7962937779396548
2025-12-03,Vesper_ETH,0.0037,7036177.0,0.8604165241910984,0.8604165241910984
2025-12-04,Vesper_ETH,0.0046,6949550.0,0.9110626169855736,0.9110626169855736
2025-12-05,Vesper_ETH,0.0075,6697908.0,0.8996437309288139,0.8996437309288139
2025-12-06,Vesper_ETH,0.0096,6725901.0,0.8625873610032787,0.8625873610032787
2025-12-07,Vesper_ETH,0.0113,6683916.0,0.8665600439315329,0.8665600439315329
2025-12-08,Vesper_ETH,0.0125,6928812.0,0.8826495115591035,0.8826495115591035
2025-12-09,Vesper_ETH,0.0132,7366793.0,0.886621779007538,0.886621779007538
2025-12-10,Vesper_ETH,0.0138,7305337.0,0.9391020843161202,0.9391020843161202
2025-12-11,Vesper_ETH,0.0149,7189728.0,0.9054077394053099,0.9054077394053099
2025-12-12,Vesper_ETH,0.0152,6842935.0,0.9216505526649246,0.9216505526649246
2025-12-13,Vesper_ETH,0.0148,6905777.0,0.8767678072654147,0.8767678072654147
2025-12-14,Vesper_ETH,0.013600000000000001,6779099.0,0.8852977999353485,0.8852977999353485
2025-12-15,Vesper_ETH,0.0118,6507947.0,0.8828436815282604,0.8828436815282604
2025-12-16,Vesper_ETH,0.0092,6541891.0,0.8329160978792692,0.8329160978792692
2025-12-17,Vesper_ETH,0.014199999999999999,6254652.0,0.8355573330074977,0.8355573330074977
2025-12-18,Vesper_ETH,0.032400000000000005,6261102.0,0.8030814271261462,0.8030814271261462
2025-12-19,Vesper_ETH,0.0329,6621745.0,0.8244154563195141,0.8244154563195141
2025-12-20,Vesper_ETH,0.026000000000000002,6590369.0,0.8479398643142081,0.8479398643142081
2025-12-21,Vesper_ETH,0.0278,6622335.0,0.8433042932954387,0.8433042932954387
2025-12-22,Vesper_ETH,0.029900000000000003,6650247.0,0.8571754468003799,0.8571754468003799
2025-12-23,Vesper_ETH,0.0315,6562076.0,0.8494420956367478,0.8494420956367478
2025-12-24,Vesper_ETH,0.0316,6541788.0,0.8358036863542564,0.8358036863542564
2025-12-25,Vesper_ETH,0.0264,6453485.0,0.8358424036460846,0.8358424036460846
2025-12-26,Vesper_ETH,0.0182,6481056.0,0.8406071708206305,0.8406071708206305
2025-12-27,Vesper_ETH,0.0086,6502780.0,0.8319650848465886,0.8319650848465886
2025-12-28,Vesper_ETH,0.0076,6541899.0,0.8350858027689828,0.8350858027689828
2025-12-29,Vesper_ETH,0.0073,6489250.0,0.8621732118669712,0.8621732118669712
2025-12-30,Vesper_ETH,0.0069,6574455.0,0.8371432932352489,0.8371432932352489
2025-12-31,Vesper_ETH,0.006,6594510.0,0.8414288423926574,0.8414288423926574
2026-01-01,Vesper_ETH,0.0036,6624558.0,0.8443925074114121,0.8443925074114121
2026-01-02,Vesper_ETH,0.004,6954517.0,0.8572993018078151,0.8572993018078151
2026-01-03,Vesper_ETH,0.0054,6906576.0,0.8865652133003449,0.8865652133003449
2026-01-04,Vesper_ETH,0.0085,6975342.0,0.8932806599073014,0.8932806599073014
2026-01-05,Vesper_ETH,0.011899999999999999,7184200.0,0.903939318561914,0.903939318561914
2026-01-06,Vesper_ETH,0.0151,7251449.0,0.9147279521852418,0.9147279521852418
2026-01-07,Vesper_ETH,0.0183,6998245.0,0.9266561310815262,0.9266561310815262
2026-01-08,Vesper_ETH,0.0063,6959182.0,0.8904820716828258,0.8904820716828258
2026-01-09,Vesper_ETH,0.0092,6861969.0,0.8841013891125257,0.8841013891125257
2026-01-10,Vesper_ETH,0.011699999999999999,6877213.0,0.874788258063044,0.874788258063044
2026-01-11,Vesper_ETH,0.0138,6931481.0,0.8775896277332008,0.8775896277332008
2026-01-12,Vesper_ETH,0.0159,6914134.0,0.8932756728735077,0.8932756728735077
2026-01-13,Vesper_ETH,0.019799999999999998,7428275.0,0.8832183237838309,0.8832183237838309
2026-01-14,Vesper_ETH,0.0233,7482339.0,0.9496474493936203,0.9496474493936203
2026-01-15,Vesper_ETH,0.0165,7377850.0,0.9321341608183179,0.9321341608183179
2026-01-16,Vesper_ETH,0.0096,7353184.0,0.9354082758105421,0.9354082758105421
2026-01-17,Vesper_ETH,0.0121,7376427.0,0.9339333959009845,0.9339333959009845
2026-01-18,Vesper_ETH,0.0144,7470772.0,0.9404340392705062,0.9404340392705062
2026-01-19,Vesper_ETH,0.017,7125585.0,0.9106243797825178,0.9106243797825178
2026-01-20,Vesper_ETH,0.020499999999999997,6584784.0,0.9037310060041733,0.9037310060041733
2026-01-21,Vesper_ETH,0.024,6736932.0,0.84520297433706,0.84520297433706
2026-01-22,Vesper_ETH,0.0168,6588283.0,0.8542703390654203,0.8542703390654203
2026-01-23,Vesper_ETH,0.0138,6581197.0,0.8397949132050886,0.8397949132050886
2026-01-24,Vesper_ETH,0.015300000000000001,6599517.0,0.8395071540323802,0.8395071540323802
2026-01-25,Vesper_ETH,0.0167,6242867.0,0.8338019380224675,0.8338019380224675
2026-01-26,Vesper_ETH,0.0219,6535053.0,0.8060795876307562,0.8060795876307562
2026-01-27,Vesper_ETH,0.0282,6711493.0,0.8333069789920534,0.8333069789920534
2026-01-28,Vesper_ETH,0.0351,6735279.0,0.8516991846510835,0.8516991846510835
2026-01-29,Vesper_ETH,0.042300000000000004,6280266.0,0.8362400168150244,0.8362400168150244
2026-01-30,Vesper_ETH,0.050300000000000004,6041773.0,0.7766528721740819,0.7766528721740819
2026-01-31,Vesper_ETH,0.0605,5400778.0,0.7636992236367202,0.7636992236367202
2026-02-01,Vesper_ETH,0.0679,5194215.0,0.6925991740625955,0.6925991740625955
2026-02-02,Vesper_ETH,0.0816,5525948.0,0.6342267838395145,0.6342267838395145
2026-02-03,Vesper_ETH,0.09140000000000001,5256960.0,0.664199023072918,0.664199023072918
2026-02-04,Vesper_ETH,0.0947,5002229.0,0.647373663924636,0.647373663924636
2026-02-05,Vesper_ETH,0.0888,4603527.0,0.5975163584117118,0.5975163584117118
2026-02-06,Vesper_ETH,0.075,5092749.0,0.5358287542240769,0.5358287542240769
2026-02-07,Vesper_ETH,0.0718,5221572.0,0.5898220714274823,0.5898220714274823
2026-02-08,Vesper_ETH,0.0593,5248475.0,0.5894786913608239,0.5894786913608239
2026-02-09,Vesper_ETH,0.0421,5286337.0,0.5955216855948634,0.5955216855948634
2026-02-10,Vesper_ETH,0.0246,5029780.0,0.5853524436411709,0.5853524436411709
2026-02-11,Vesper_ETH,0.0086,4893746.0,0.5704546566557862,0.5704546566557862
2026-02-12,Vesper_ETH,0.0074,4840779.0,0.5577437546508471,0.5577437546508471
2026-02-13,Vesper_ETH,0.0087,5148764.0,0.5533326082297716,0.5533326082297716
2026-02-14,Vesper_ETH,0.0104,5231462.0,0.582932100236917,0.582932100236917
2026-02-15,Vesper_ETH,0.011399999999999999,4921892.0,0.5839847887338363,0.5839847887338363
2026-02-16,Vesper_ETH,0.011899999999999999,4988137.0,0.555275502798817,0.555275502798817
2026-02-17,Vesper_ETH,0.0118,5016046.0,0.563374883838765,0.563374883838765
2026-02-18,Vesper_ETH,0.0111,4867300.0,0.566971687315739,0.566971687315739
2026-02-19,Vesper_ETH,0.0098,4857557.0,0.5595167543130979,0.5595167543130979
2026-02-20,Vesper_ETH,0.0109,4931347.0,0.554718760497625,0.554718760497625
2026-02-21,Vesper_ETH,0.0123,4971548.0,0.5557884697314731,0.5557884697314731
2026-02-22,Vesper_ETH,0.013000000000000001,4899197.0,0.559831095593518,0.559831095593518
2026-02-23,Vesper_ETH,0.0131,4751913.0,0.5288282912394012,0.5288282912394012
2026-02-24,Vesper_ETH,0.0125,4732168.0,0.5194579640021676,0.5194579640021676
2026-02-25,Vesper_ETH,0.011200000000000002,5286675.0,0.5410272736101016,0.5410272736101016
2026-02-26,Vesper_ETH,0.009300000000000001,5158469.0,0.5834747658343081,0.5834747658343081
2026-02-27,Vesper_ETH,0.0087,4880255.0,0.5819023908023606,0.5819023908023606
2026-02-28,Vesper_ETH,0.009300000000000001,5012674.0,0.545973846989894,0.545973846989894
2026-03-01,Vesper_ETH,0.0095,4864192.0,0.5739238111976618,0.5739238111976618
2026-03-02,Vesper_ETH,0.009300000000000001,5198892.0,0.5595738572245232,0.5595738572245232
2026-03-03,Vesper_ETH,0.0161,5062045.0,0.5697303111222344,0.5697303111222344
2026-03-04,Vesper_ETH,0.0194,5430407.0,0.5554814210497366,0.5554814210497366
2026-03-05,Vesper_ETH,0.0223,5310943.0,0.6018831650045359,0.6018831650045359
2026-03-06,Vesper_ETH,0.0152,5057677.0,0.5908752330765564,0.5908752330765564
2026-03-07,Vesper_ETH,0.006,5016115.0,0.5621139233426412,0.5621139233426412
2026-03-08,Vesper_ETH,0.0067,4920387.0,0.5533524606220559,0.5533524606220559
2026-03-09,Vesper_ETH,0.0069,5079049.0,0.5609436143760579,0.5609436143760579
2026-03-10,Vesper_ETH,0.0068000000000000005,5139932.0,0.5756885238196554,0.5756885238196554
2026-03-11,Vesper_ETH,0.0064,5163611.0,0.5734216948221492,0.5734216948221492
2026-03-12,Vesper_ETH,0.005699999999999999,5167601.0,0.5743491878681003,0.5743491878681003
2026-03-13,Vesper_ETH,0.0083,5232516.0,0.6012586517365421,0.6012586517365421
2026-03-14,Vesper_ETH,0.02,5225918.0,0.5961518668382942,0.5961518668382942
2026-03-15,Vesper_ETH,0.0334,5466174.0,0.5944644771705141,0.5944644771705141
2026-03-16,Vesper_ETH,0.0451,5914902.0,0.6351020643983509,0.6351020643983509
2026-03-17,Vesper_ETH,0.061900000000000004,5769612.0,0.6581077163588178,0.6581077163588178
2026-03-18,Vesper_ETH,0.08310000000000001,5452098.0,0.6646508035069193,0.6646508035069193
2026-03-19,Vesper_ETH,0.10279999999999999,5334788.0,0.6280962975697589,0.6280962975697589
2026-03-20,Vesper_ETH,0.1324,5375355.0,0.6110114231108443,0.6110114231108443
2026-03-21,Vesper_ETH,0.14300000000000002,5370237.0,0.6110873981001738,0.6110873981001738
2026-03-22,Vesper_ETH,0.1578,5140646.0,0.5997848829013145,0.5997848829013145
2026-03-23,Vesper_ETH,0.172,5361017.0,0.5822131679200429,0.5822131679200429
2026-03-24,Vesper_ETH,0.177,5374960.0,0.6076322400600634,0.6076322400600634
2026-03-25,Vesper_ETH,0.1747,5461348.0,0.6122657889838155,0.6122657889838155
2026-03-26,Vesper_ETH,0.16620000000000001,5159853.0,0.6107747226045569,0.6107747226045569
2026-03-27,Vesper_ETH,0.1515,4937719.0,0.584445901587854,0.584445901587854
2026-03-28,Vesper_ETH,0.1408,4997058.0,0.563891557923175,0.563891557923175
2026-03-29,Vesper_ETH,0.1235,4904859.0,0.5703730931075452,0.5703730931075452
2026-03-30,Vesper_ETH,0.0978,5066600.0,0.5772976778432236,0.5772976778432236
2026-03-31,Vesper_ETH,0.0805,5219585.0,0.5863124340849136,0.5863124340849136
2026-04-01,Vesper_ETH,0.0666,5330955.0,0.5959837322092164,0.5959837322092164
2026-04-02,Vesper_ETH,0.0487,5140795.0,0.5831825157749342,0.5831825157749342
2026-04-03,Vesper_ETH,0.027000000000000003,5122022.0,0.5830469344297837,0.5830469344297837
2026-04-04,Vesper_ETH,0.024300000000000002,5158055.0,0.5816011116010028,0.5816011116010028
2026-04-05,Vesper_ETH,0.021099999999999997,5176980.0,0.5834860503098065,0.5834860503098065
2026-04-06,Vesper_ETH,0.0165,5266096.0,0.6037788827469146,0.6037788827469146
2026-04-07,Vesper_ETH,0.0165,5484265.0,0.5982238527349651,0.5982238527349651
2026-04-08,Vesper_ETH,0.017,5415525.0,0.6339138546951752,0.6339138546951752
2026-04-09,Vesper_ETH,0.0178,5474468.0,0.6196170544976972,0.6196170544976972
2026-04-10,Vesper_ETH,0.018000000000000002,5571860.0,0.6205688459662322,0.6205688459662322
2026-04-11,Vesper_ETH,0.012199999999999999,5601318.0,0.6352328236262734,0.6352328236262734
2026-04-12,Vesper_ETH,0.013300000000000001,5351719.0,0.629300487723734,0.629300487723734
2026-04-13,Vesper_ETH,0.0137,5735824.0,0.6228162471906241,0.6228162471906241
2026-04-14,Vesper_ETH,0.013500000000000002,5650599.0,0.6715439963147499,0.6715439963147499
2026-04-15,Vesper_ETH,0.0173,5783510.0,0.660858425067912,0.660858425067912
2026-04-16,Vesper_ETH,0.0235,5696639.0,0.6697276347794596,0.6697276347794596
2026-04-17,Vesper_ETH,0.0279,5942961.0,0.6604106807576238,0.6604106807576238
2026-04-18,Vesper_ETH,0.0332,5729884.0,0.6822047561939717,0.6822047561939717
2026-04-19,Vesper_ETH,0.0862,5532470.0,0.6641232317709601,0.6641232317709601
2026-04-20,Vesper_ETH,0.1393,5658521.0,0.6490148073071373,0.6490148073071373
2026-04-21,Vesper_ETH,0.1895,5631090.0,0.6563905977779787,0.6563905977779787
2026-04-22,Vesper_ETH,0.2343,5829939.0,0.6712080216107696,0.6712080216107696
2026-04-23,Vesper_ETH,0.26530000000000004,5680495.0,0.6636470587586152,0.6636470587586152
2026-04-24,Vesper_ETH,0.27440000000000003,5629602.0,0.6551821881812634,0.6551821881812634
2026-04-25,Vesper_ETH,0.2643,5638402.0,0.6576370111960478,0.6576370111960478
2026-04-26,Vesper_ETH,0.22219999999999998,5753016.0,0.6556303939266596,0.6556303939266596
2026-04-27,Vesper_ETH,0.1832,5586542.0,0.6799187184686001,0.6799187184686001
2026-04-28,Vesper_ETH,0.1359,5596834.0,0.6495118387286289,0.6495118387286289
2026-04-29,Vesper_ETH,0.0908,5513631.0,0.6555641616758948,0.6555641616758948
2026-04-30,Vesper_ETH,0.045899999999999996,5505725.0,0.6399583674488917,0.6399583674488917
2026-05-01,Vesper_ETH,0.0322,5575508.0,0.6475556903791436,0.6475556903791436
2026-05-03,Vesper_ETH,0.0356,5725907.0,0.6530104949173268,0.6530104949173268
2026-05-04,Vesper_ETH,0.0364,5770727.0,0.6764585805036166,0.6764585805036166
2026-05-05,Vesper_ETH,0.0353,5776912.0,0.6759425406693509,0.6759425406693509
2026-05-06,Vesper_ETH,0.0332,5735743.0,0.6743720039041486,0.6743720039041486
2026-05-07,Vesper_ETH,0.053,5592446.0,0.6589971700149196,0.6589971700149196
2026-05-08,Vesper_ETH,0.0968,5662389.0,0.646655473839815,0.646655473839815
2026-05-09,Vesper_ETH,0.1307,5698621.0,0.6569545469702239,0.6569545469702239
2026-05-10,Vesper_ETH,0.07400000000000001,5828626.0,0.660265081821424,0.660265081821424
2026-05-11,Vesper_ETH,0.038,5738361.0,0.661067163328815,0.661067163328815
2026-05-12,Vesper_ETH,0.04190000000000001,5609019.0,0.6547944087051081,0.6547944087051081
2026-05-13,Vesper_ETH,0.0437,5519321.0,0.6528366606205516,0.6528366606205516
2026-05-14,Vesper_ETH,0.045,5630705.0,0.6354909702888093,0.6354909702888093
2026-05-15,Vesper_ETH,0.043899999999999995,5449916.0,0.6449417656889836,0.6449417656889836
2026-05-16,Vesper_ETH,0.0404,5351265.0,0.6320068054944887,0.6320068054944887
2026-05-17,Vesper_ETH,0.039599999999999996,5335933.0,0.6186094131890295,0.6186094131890295
2026-05-18,Vesper_ETH,0.037200000000000004,5605089.0,0.6006615512598263,0.6006615512598263
2026-05-19,Vesper_ETH,0.0332,5514762.0,0.6045924003167735,0.6045924003167735
2026-05-20,Vesper_ETH,0.0277,5554427.0,0.5988358544656059,0.5988358544656059
2026-05-21,Vesper_ETH,0.023700000000000002,5580947.0,0.608333520807613,0.608333520807613
2026-05-22,Vesper_ETH,0.0728,5410802.0,0.6059641398150294,0.6059641398150294
2026-05-23,Vesper_ETH,0.1514,5521929.0,0.5868910627209044,0.5868910627209044
2026-05-24,Vesper_ETH,0.1875,5485254.0,0.6005702638458511,0.6005702638458511
2026-05-25,Vesper_ETH,0.1845,5517394.0,0.5940679419204682,0.5940679419204682
2026-05-26,Vesper_ETH,0.17370000000000002,5420455.0,0.5932849394519527,0.5932849394519527
2026-05-27,Vesper_ETH,0.1389,5315745.0,0.5867272099772161,0.5867272099772161
2026-05-28,Vesper_ETH,0.10460000000000001,5271364.0,0.5606807423822912,0.5606807423822912
2026-05-29,Vesper_ETH,0.0999,5249005.0,0.5673304799763702,0.5673304799763702
